RunId,RunStart,FlowFile,FlowPath,Status,ExitCode,DurationSec
6.30E+06,2026-02-26T13:24:03,C:\Users\terxi\maestro-tests\onboarding\add_prompt.yaml,,PASSED,0,430.68
6.30E+06,2026-02-26T13:24:03,C:\Users\terxi\maestro-tests\onboarding\dob_valid.yaml,,PASSED,0,188.82
6.30E+06,2026-02-26T13:24:03,C:\Users\terxi\maestro-tests\onboarding\education_school_input.yaml,,PASSED,0,341.78
6.30E+06,2026-02-26T13:24:03,C:\Users\terxi\maestro-tests\onboarding\education_select.yaml,,PASSED,0,335.03
6.30E+06,2026-02-26T13:24:03,C:\Users\terxi\maestro-tests\onboarding\gender_preference.yaml,,PASSED,0,215.45
6.30E+06,2026-02-26T13:24:03,C:\Users\terxi\maestro-tests\onboarding\gender_select.yaml,,PASSED,0,192.2
6.30E+06,2026-02-26T13:24:03,C:\Users\terxi\maestro-tests\onboarding\photo_upload_gallery.yaml,,PASSED,0,271.66
6.30E+06,2026-02-26T13:24:03,C:\Users\terxi\maestro-tests\onboarding\relationship_goals.yaml,,PASSED,0,171.01
1912a01a,2026-02-26T17:08:52,dob_valid.yaml,C:\Users\terxi\maestro-tests\onboarding\dob_valid.yaml,PASSED,0,152.99
fb47bc5f,2026-02-26T17:14:01,dob_valid.yaml,C:\Users\terxi\maestro-tests\onboarding\dob_valid.yaml,PASSED,0,153.11
65918aaf,2026-02-26T17:16:35,dob_valid.yaml,C:\Users\terxi\maestro-tests\onboarding\dob_valid.yaml,PASSED,0,156.19
9436a954,2026-02-26T17:19:13,dob_valid.yaml,C:\Users\terxi\maestro-tests\onboarding\dob_valid.yaml,PASSED,0,169.92
3b56ca9a,2026-02-26T17:22:06,dob_valid.yaml,C:\Users\terxi\maestro-tests\onboarding\dob_valid.yaml,PASSED,0,186.76
6fca4bce,2026-02-26T17:25:16,dob_valid.yaml,C:\Users\terxi\maestro-tests\onboarding\dob_valid.yaml,FAILED,1,70.46
1d6bfc06,2026-02-26T17:41:28,at_birthday_or_relationship.yaml,C:\Users\terxi\maestro-tests\states\at_birthday_or_relationship.yaml,PASSED,0,68.84
c8dd7f21,2026-02-26T17:42:41,at_birthday_or_relationship.yaml,C:\Users\terxi\maestro-tests\states\at_birthday_or_relationship.yaml,PASSED,0,71.9
3523411a,2026-02-26T17:44:18,at_birthday_or_relationship.yaml,C:\Users\terxi\maestro-tests\states\at_birthday_or_relationship.yaml,PASSED,0,66.98
124f1f21,2026-02-26T17:45:29,at_birthday_or_relationship.yaml,C:\Users\terxi\maestro-tests\states\at_birthday_or_relationship.yaml,PASSED,0,81.42
39915f8f,2026-02-26T17:46:54,at_birthday_or_relationship.yaml,C:\Users\terxi\maestro-tests\states\at_birthday_or_relationship.yaml,PASSED,0,81.35
e7070ec4,2026-02-26T17:56:03,at_birthday_or_relationship.yaml,C:\Users\terxi\maestro-tests\states\at_birthday_or_relationship.yaml,FAILED,1,36.42
3606723,2026-02-26T17:56:45,at_birthday_or_relationship.yaml,C:\Users\terxi\maestro-tests\states\at_birthday_or_relationship.yaml,FAILED,1,23.75
e47ba13f,2026-02-26T17:57:15,at_birthday_or_relationship.yaml,C:\Users\terxi\maestro-tests\states\at_birthday_or_relationship.yaml,FAILED,1,17.07
ec2edb69,2026-02-26T18:10:07,at_birthday_or_relationship.yaml,C:\Users\terxi\maestro-tests\states\at_birthday_or_relationship.yaml,PASSED,0,51.76
30440f6f,2026-02-26T18:11:05,at_birthday_or_relationship.yaml,C:\Users\terxi\maestro-tests\states\at_birthday_or_relationship.yaml,PASSED,0,87.07
c1b564c9,2026-02-26T18:12:39,at_birthday_or_relationship.yaml,C:\Users\terxi\maestro-tests\states\at_birthday_or_relationship.yaml,PASSED,0,79.74
85b1ac19,2026-02-26T18:15:45,at_birthday_or_relationship.yaml,C:\Users\terxi\maestro-tests\states\at_birthday_or_relationship.yaml,PASSED,0,68.06
e1f0050e,2026-02-26T18:16:58,at_birthday_or_relationship.yaml,C:\Users\terxi\maestro-tests\states\at_birthday_or_relationship.yaml,PASSED,0,70.06
24c4be81,2026-02-26T18:18:12,at_birthday_or_relationship.yaml,C:\Users\terxi\maestro-tests\states\at_birthday_or_relationship.yaml,PASSED,0,63.01
463a20fb,2026-02-26T18:19:23,at_birthday_or_relationship.yaml,C:\Users\terxi\maestro-tests\states\at_birthday_or_relationship.yaml,FAILED,1,116.22
74bbc056,2026-02-26T18:21:24,at_birthday_or_relationship.yaml,C:\Users\terxi\maestro-tests\states\at_birthday_or_relationship.yaml,PASSED,0,112.76
813f798a,2026-02-26T18:40:15,at_birthday_or_relationship.yaml,C:\Users\terxi\maestro-tests\states\at_birthday_or_relationship.yaml,PASSED,0,51.34
e8f9d040,2026-02-26T18:41:10,at_birthday_or_relationship.yaml,C:\Users\terxi\maestro-tests\states\at_birthday_or_relationship.yaml,PASSED,0,46.2
069aa23a,2026-02-26T18:42:00,at_birthday_or_relationship.yaml,C:\Users\terxi\maestro-tests\states\at_birthday_or_relationship.yaml,FAILED,1,76.48
b06f3eb5,2026-02-26T18:43:21,at_birthday_or_relationship.yaml,C:\Users\terxi\maestro-tests\states\at_birthday_or_relationship.yaml,FAILED,1,68.57
26e2fa95,2026-02-26T18:44:32,at_birthday_or_relationship.yaml,C:\Users\terxi\maestro-tests\states\at_birthday_or_relationship.yaml,FAILED,1,73.43
743bf002,2026-03-02T09:51:39,at_birthday_or_relationship.yaml,C:\Users\terxi\maestro-tests\states\at_birthday_or_relationship.yaml,PASSED,0,37.21
a66b85b4,2026-03-02T09:52:18,at_birthday_or_relationship.yaml,C:\Users\terxi\maestro-tests\states\at_birthday_or_relationship.yaml,PASSED,0,32.97
f65cb32b,2026-03-02T09:52:52,at_birthday_or_relationship.yaml,C:\Users\terxi\maestro-tests\states\at_birthday_or_relationship.yaml,PASSED,0,32.46
4a5a18a8,2026-03-02T09:53:26,at_birthday_or_relationship.yaml,C:\Users\terxi\maestro-tests\states\at_birthday_or_relationship.yaml,PASSED,0,33.78
099b11c1,2026-03-02T09:54:01,at_birthday_or_relationship.yaml,C:\Users\terxi\maestro-tests\states\at_birthday_or_relationship.yaml,PASSED,0,33.28
9db603bb,2026-03-02T09:54:56,at_birthday_or_relationship.yaml,C:\Users\terxi\maestro-tests\states\at_birthday_or_relationship.yaml,PASSED,0,32.27
3db0ec14,2026-03-02T09:55:29,at_birthday_or_relationship.yaml,C:\Users\terxi\maestro-tests\states\at_birthday_or_relationship.yaml,PASSED,0,33.13
d6cb374c,2026-03-02T09:56:03,at_birthday_or_relationship.yaml,C:\Users\terxi\maestro-tests\states\at_birthday_or_relationship.yaml,PASSED,0,33.74
636a593f,2026-03-02T09:56:38,at_birthday_or_relationship.yaml,C:\Users\terxi\maestro-tests\states\at_birthday_or_relationship.yaml,PASSED,0,33.4
89a6b370,2026-03-02T09:57:13,at_birthday_or_relationship.yaml,C:\Users\terxi\maestro-tests\states\at_birthday_or_relationship.yaml,PASSED,0,32.93
80b23834,2026-03-02T09:58:01,at_birthday_or_relationship.yaml,C:\Users\terxi\maestro-tests\states\at_birthday_or_relationship.yaml,PASSED,0,32.52
c8712ad4,2026-03-02T09:58:34,at_birthday_or_relationship.yaml,C:\Users\terxi\maestro-tests\states\at_birthday_or_relationship.yaml,PASSED,0,33.13
31bcfa1a,2026-03-02T09:59:08,at_birthday_or_relationship.yaml,C:\Users\terxi\maestro-tests\states\at_birthday_or_relationship.yaml,PASSED,0,32.88
72a61f88,2026-03-02T09:59:42,at_birthday_or_relationship.yaml,C:\Users\terxi\maestro-tests\states\at_birthday_or_relationship.yaml,PASSED,0,32.88
f879eb29,2026-03-02T10:00:17,at_birthday_or_relationship.yaml,C:\Users\terxi\maestro-tests\states\at_birthday_or_relationship.yaml,PASSED,0,33.45
b2129f0f,2026-03-02T10:00:51,at_birthday_or_relationship.yaml,C:\Users\terxi\maestro-tests\states\at_birthday_or_relationship.yaml,PASSED,0,34
30a6d5e1,2026-03-02T10:01:27,at_birthday_or_relationship.yaml,C:\Users\terxi\maestro-tests\states\at_birthday_or_relationship.yaml,PASSED,0,33.18
be434c9d,2026-03-02T10:02:01,at_birthday_or_relationship.yaml,C:\Users\terxi\maestro-tests\states\at_birthday_or_relationship.yaml,PASSED,0,32.91
8c038b15,2026-03-02T10:02:35,at_birthday_or_relationship.yaml,C:\Users\terxi\maestro-tests\states\at_birthday_or_relationship.yaml,PASSED,0,33.64
0d007af2,2026-03-02T10:03:10,at_birthday_or_relationship.yaml,C:\Users\terxi\maestro-tests\states\at_birthday_or_relationship.yaml,PASSED,0,33.62
0624e313,2026-03-02T10:07:11,at_birthday_or_relationship.yaml,C:\Users\terxi\maestro-tests\states\at_birthday_or_relationship.yaml,PASSED,0,31.9
d4578af0,2026-03-02T10:07:44,at_birthday_or_relationship.yaml,C:\Users\terxi\maestro-tests\states\at_birthday_or_relationship.yaml,PASSED,0,33.38
51bfca55,2026-03-02T10:08:19,at_birthday_or_relationship.yaml,C:\Users\terxi\maestro-tests\states\at_birthday_or_relationship.yaml,PASSED,0,32.74
8577117b,2026-03-02T10:08:53,at_birthday_or_relationship.yaml,C:\Users\terxi\maestro-tests\states\at_birthday_or_relationship.yaml,PASSED,0,33.92
62afb116,2026-03-02T10:09:28,at_birthday_or_relationship.yaml,C:\Users\terxi\maestro-tests\states\at_birthday_or_relationship.yaml,PASSED,0,33.4
9f74ccd3,2026-03-02T10:10:02,at_birthday_or_relationship.yaml,C:\Users\terxi\maestro-tests\states\at_birthday_or_relationship.yaml,PASSED,0,34.62
deb50afe,2026-03-02T10:10:38,at_birthday_or_relationship.yaml,C:\Users\terxi\maestro-tests\states\at_birthday_or_relationship.yaml,PASSED,0,34.11
09f1eb84,2026-03-02T10:11:13,at_birthday_or_relationship.yaml,C:\Users\terxi\maestro-tests\states\at_birthday_or_relationship.yaml,PASSED,0,33.72
6.01E+16,2026-03-02T10:11:48,at_birthday_or_relationship.yaml,C:\Users\terxi\maestro-tests\states\at_birthday_or_relationship.yaml,PASSED,0,35.08
f53eb199,2026-03-02T10:12:25,at_birthday_or_relationship.yaml,C:\Users\terxi\maestro-tests\states\at_birthday_or_relationship.yaml,PASSED,0,34.56
88bc4a31,2026-03-02T12:00:20,at_birthday_or_relationship.yaml,C:\Users\terxi\maestro-tests\states\at_birthday_or_relationship.yaml,FAILED,1,113.3
30555ead,2026-03-02T12:03:14,at_birthday_or_relationship.yaml,C:\Users\terxi\maestro-tests\states\at_birthday_or_relationship.yaml,FAILED,1,107.03
0226a8b7,2026-03-02T12:07:10,at_birthday_or_relationship.yaml,C:\Users\terxi\maestro-tests\states\at_birthday_or_relationship.yaml,FAILED,1,162.19
bae4ce11,2026-03-02T12:12:18,at_birthday_or_relationship.yaml,C:\Users\terxi\maestro-tests\states\at_birthday_or_relationship.yaml,PASSED,0,155.61
3bbbc828,2026-03-02T14:33:01,photo_upload_gallery.yaml,C:\Users\terxi\maestro-tests\onboarding\photo_upload_gallery.yaml,FAILED,1,171.82
6d168f19,2026-03-02T14:40:47,photo_upload_gallery.yaml,C:\Users\terxi\maestro-tests\onboarding\photo_upload_gallery.yaml,FAILED,1,174.4
c92f28a8,2026-03-02T14:46:04,photo_upload_gallery.yaml,C:\Users\terxi\maestro-tests\onboarding\photo_upload_gallery.yaml,FAILED,1,171.3
"22096fc7","2026-03-02T16:34:41","education_school_input.yaml","C:\Users\terxi\maestro-tests\onboarding\education_school_input.yaml","FAILED","1","308.79"
"f04aa1be","2026-03-02T16:41:34","education_school_input.yaml","C:\Users\terxi\maestro-tests\onboarding\education_school_input.yaml","FAILED","1","75.84"
"59a8bfa2","2026-03-02T16:44:01","education_school_input.yaml","C:\Users\terxi\maestro-tests\onboarding\education_school_input.yaml","PASSED","0","317.32"
"51e0e35b","2026-03-02T17:51:02","job_title_input.yaml","C:\Users\terxi\maestro-tests\onboarding\job_title_input.yaml","PASSED","0","296.07"
"1cf9b9d8","2026-03-03T09:44:41","job_title_input.yaml","C:\Users\terxi\maestro-tests\onboarding\job_title_input.yaml","FAILED","1","325.67"
"1cc103e6","2026-03-03T09:50:10","job_title_input.yaml","C:\Users\terxi\maestro-tests\onboarding\job_title_input.yaml","PASSED","0","378.08"
"c635cf0f","2026-03-03T09:56:32","job_title_input.yaml","C:\Users\terxi\maestro-tests\onboarding\job_title_input.yaml","PASSED","0","430.25"
"81e61d7d","2026-03-03T10:03:45","job_title_input.yaml","C:\Users\terxi\maestro-tests\onboarding\job_title_input.yaml","PASSED","0","401.87"
"36070bf7","2026-03-03T10:10:30","job_title_input.yaml","C:\Users\terxi\maestro-tests\onboarding\job_title_input.yaml","FAILED","1","323.93"
"290ecd80","2026-03-03T10:28:04","job_title_input.yaml","C:\Users\terxi\maestro-tests\onboarding\job_title_input.yaml","FAILED","1","333.16"
"c83bbe46","2026-03-03T10:33:41","job_title_input.yaml","C:\Users\terxi\maestro-tests\onboarding\job_title_input.yaml","PASSED","0","374.27"
"4a0eeef1","2026-03-03T10:39:58","job_title_input.yaml","C:\Users\terxi\maestro-tests\onboarding\job_title_input.yaml","PASSED","0","392.99"
"42e8df15","2026-03-03T10:46:34","job_title_input.yaml","C:\Users\terxi\maestro-tests\onboarding\job_title_input.yaml","PASSED","0","390.09"
"d3bc12e1","2026-03-03T10:53:08","job_title_input.yaml","C:\Users\terxi\maestro-tests\onboarding\job_title_input.yaml","PASSED","0","408.04"
"cda46ba0","2026-03-03T11:01:04","job_title_input.yaml","C:\Users\terxi\maestro-tests\onboarding\job_title_input.yaml","PASSED","0","440.83"
"fec04349","2026-03-03T11:08:28","job_title_input.yaml","C:\Users\terxi\maestro-tests\onboarding\job_title_input.yaml","PASSED","0","392.31"
"de634b14","2026-03-03T11:15:04","job_title_input.yaml","C:\Users\terxi\maestro-tests\onboarding\job_title_input.yaml","FAILED","1","352.8"
"025c7ba7","2026-03-03T11:31:07","swipe_height.yaml","C:\Users\terxi\maestro-tests\onboarding\swipe_height.yaml","FAILED","1","4.12"
"a68df4cd","2026-03-03T11:31:15","swipe_height.yaml","C:\Users\terxi\maestro-tests\onboarding\swipe_height.yaml","FAILED","1","4.09"
"3460de82","2026-03-03T11:31:22","swipe_height.yaml","C:\Users\terxi\maestro-tests\onboarding\swipe_height.yaml","FAILED","1","4.32"
"3e69164a","2026-03-03T11:31:29","swipe_height.yaml","C:\Users\terxi\maestro-tests\onboarding\swipe_height.yaml","FAILED","1","4.06"
"33c91926","2026-03-03T11:32:03","swipe_height.yaml","C:\Users\terxi\maestro-tests\onboarding\swipe_height.yaml","FAILED","1","3.86"
"f15bb0f9","2026-03-03T11:32:29","swipe_height.yaml","C:\Users\terxi\maestro-tests\onboarding\swipe_height.yaml","PASSED","0","412.31"
"068afacb","2026-03-03T11:39:25","swipe_height.yaml","C:\Users\terxi\maestro-tests\onboarding\swipe_height.yaml","PASSED","0","294.56"
"52e224e0","2026-03-03T11:44:22","swipe_height.yaml","C:\Users\terxi\maestro-tests\onboarding\swipe_height.yaml","PASSED","0","303.31"
"84bb8938","2026-03-03T11:52:29","swipe_height.yaml","C:\Users\terxi\maestro-tests\onboarding\swipe_height.yaml","FAILED","1","38.65"
"071a5cf4","2026-03-03T11:53:11","swipe_height.yaml","C:\Users\terxi\maestro-tests\onboarding\swipe_height.yaml","FAILED","1","40.32"
"43effa2b","2026-03-03T11:54:48","swipe_height.yaml","C:\Users\terxi\maestro-tests\onboarding\swipe_height.yaml","FAILED","1","260.56"
"613eb153","2026-03-03T12:01:29","swipe_height.yaml","C:\Users\terxi\maestro-tests\onboarding\swipe_height.yaml","FAILED","1","859.02"
"0befc8ed","2026-03-03T12:18:10","swipe_height.yaml","C:\Users\terxi\maestro-tests\onboarding\swipe_height.yaml","FAILED","1","349.33"
"b81cc2c2","2026-03-03T12:31:25","swipe_height.yaml","C:\Users\terxi\maestro-tests\onboarding\swipe_height.yaml","PASSED","0","371.57"
"9f8b7932","2026-03-03T23:59:14","swipe_height.yaml","C:\Users\terxi\maestro-tests\onboarding\swipe_height.yaml","FAILED","1","57.07"
"20d43578","2026-03-04T00:00:14","swipe_height.yaml","C:\Users\terxi\maestro-tests\onboarding\swipe_height.yaml","PASSED","0","346.14"
"e66db426","2026-03-04T00:06:03","swipe_height.yaml","C:\Users\terxi\maestro-tests\onboarding\swipe_height.yaml","PASSED","0","391.47"
"b2576b93","2026-03-04T00:12:38","swipe_height.yaml","C:\Users\terxi\maestro-tests\onboarding\swipe_height.yaml","PASSED","0","328.66"
"2a1b4761","2026-03-04T00:18:09","swipe_height.yaml","C:\Users\terxi\maestro-tests\onboarding\swipe_height.yaml","PASSED","0","443.32"
"59c1eacf","2026-03-04T00:35:26","at_birthday_or_relationship.yaml","C:\Users\terxi\maestro-tests\states\at_birthday_or_relationship.yaml","FAILED","1","9.27"
"1652d2f9","2026-03-04T00:35:38","at_birthday_or_relationship.yaml","C:\Users\terxi\maestro-tests\states\at_birthday_or_relationship.yaml","FAILED","1","9.58"
"38bd8cd5","2026-03-04T00:35:51","at_birthday_or_relationship.yaml","C:\Users\terxi\maestro-tests\states\at_birthday_or_relationship.yaml","FAILED","1","11.45"
"deab367b","2026-03-04T00:45:46","at_birthday_or_relationship.yaml","C:\Users\terxi\maestro-tests\states\at_birthday_or_relationship.yaml","FAILED","1","9.36"
"5d68e3fd","2026-03-04T00:49:14","at_birthday_or_relationship.yaml","C:\Users\terxi\maestro-tests\states\at_birthday_or_relationship.yaml","PASSED","0","124.6"
"0ea2232c","2026-03-04T00:51:22","at_birthday_or_relationship.yaml","C:\Users\terxi\maestro-tests\states\at_birthday_or_relationship.yaml","PASSED","0","129.59"
"7c59dea5","2026-03-04T00:53:35","at_birthday_or_relationship.yaml","C:\Users\terxi\maestro-tests\states\at_birthday_or_relationship.yaml","PASSED","0","129.15"
"cb570b3c","2026-03-04T00:55:48","at_birthday_or_relationship.yaml","C:\Users\terxi\maestro-tests\states\at_birthday_or_relationship.yaml","PASSED","0","148.71"
"30a850c1","2026-03-04T00:58:21","at_birthday_or_relationship.yaml","C:\Users\terxi\maestro-tests\states\at_birthday_or_relationship.yaml","PASSED","0","149.36"
"b7c622a9","2026-03-04T01:03:37","swipe_height.yaml","C:\Users\terxi\maestro-tests\onboarding\swipe_height.yaml","PASSED","0","396.49"
"727fcf2a","2026-03-04T01:45:32","job_title_input.yaml","C:\Users\terxi\maestro-tests\onboarding\job_title_input.yaml","FAILED","1","297.67"
"3f6df663","2026-03-04T01:50:33","job_title_input.yaml","C:\Users\terxi\maestro-tests\onboarding\job_title_input.yaml","PASSED","0","369.34"
"a5d29839","2026-03-04T01:56:45","job_title_input.yaml","C:\Users\terxi\maestro-tests\onboarding\job_title_input.yaml","PASSED","0","371.27"
"b2bcb52e","2026-03-04T02:03:00","job_title_input.yaml","C:\Users\terxi\maestro-tests\onboarding\job_title_input.yaml","PASSED","0","380.07"
"b5d9fdd6","2026-03-04T02:09:23","job_title_input.yaml","C:\Users\terxi\maestro-tests\onboarding\job_title_input.yaml","FAILED","1","254.61"
"c10a6205","2026-03-04T09:47:45","job_title_input.yaml","C:\Users\terxi\maestro-tests\onboarding\job_title_input.yaml","FAILED","1","258.72"
"68d39824","2026-03-04T09:52:07","job_title_input.yaml","C:\Users\terxi\maestro-tests\onboarding\job_title_input.yaml","PASSED","0","368.01"
"4981df77","2026-03-04T09:58:18","job_title_input.yaml","C:\Users\terxi\maestro-tests\onboarding\job_title_input.yaml","FAILED","1","254.07"
"5c28ea2c","2026-03-04T10:02:35","job_title_input.yaml","C:\Users\terxi\maestro-tests\onboarding\job_title_input.yaml","PASSED","0","454.36"
"61d98b72","2026-03-04T10:10:13","job_title_input.yaml","C:\Users\terxi\maestro-tests\onboarding\job_title_input.yaml","FAILED","1","251.21"
"f3391b0b","2026-03-04T10:58:07","photo_upload_gallery.yaml","C:\Users\terxi\maestro-tests\onboarding\photo_upload_gallery.yaml","PASSED","0","236.35"
"715a9cd9","2026-03-04T11:02:06","photo_upload_gallery.yaml","C:\Users\terxi\maestro-tests\onboarding\photo_upload_gallery.yaml","PASSED","0","232"
"5d5c5078","2026-03-04T11:06:01","photo_upload_gallery.yaml","C:\Users\terxi\maestro-tests\onboarding\photo_upload_gallery.yaml","FAILED","1","87.22"
"2a0d4514","2026-03-04T11:07:31","photo_upload_gallery.yaml","C:\Users\terxi\maestro-tests\onboarding\photo_upload_gallery.yaml","FAILED","1","272.26"
"c5a14f6e","2026-03-04T11:12:07","photo_upload_gallery.yaml","C:\Users\terxi\maestro-tests\onboarding\photo_upload_gallery.yaml","FAILED","1","222.07"
"6e662004","2026-03-04T11:18:22","photo_upload_gallery.yaml","C:\Users\terxi\maestro-tests\onboarding\photo_upload_gallery.yaml","FAILED","1","241.3"
"a3ed5a0f","2026-03-04T11:22:58","photo_upload_gallery.yaml","C:\Users\terxi\maestro-tests\onboarding\photo_upload_gallery.yaml","PASSED","0","259.46"
"e1c538e5","2026-03-04T11:27:22","photo_upload_gallery.yaml","C:\Users\terxi\maestro-tests\onboarding\photo_upload_gallery.yaml","PASSED","0","258.67"
"1e4402ea","2026-03-04T11:31:45","photo_upload_gallery.yaml","C:\Users\terxi\maestro-tests\onboarding\photo_upload_gallery.yaml","FAILED","1","109.01"
"6c34a9d2","2026-03-04T11:33:38","photo_upload_gallery.yaml","C:\Users\terxi\maestro-tests\onboarding\photo_upload_gallery.yaml","PASSED","0","301.76"
"6a9d6bb3","2026-03-04T11:38:44","photo_upload_gallery.yaml","C:\Users\terxi\maestro-tests\onboarding\photo_upload_gallery.yaml","PASSED","0","261.13"
"868fe5cb","2026-03-04T16:51:24","photo_upload_gallery.yaml","C:\Users\terxi\maestro-tests\onboarding\photo_upload_gallery.yaml","FAILED","1","241.62"
"e53e8299","2026-03-04T16:55:29","photo_upload_gallery.yaml","C:\Users\terxi\maestro-tests\onboarding\photo_upload_gallery.yaml","FAILED","1","86.74"
"91c10fdd","2026-03-04T16:56:58","photo_upload_gallery.yaml","C:\Users\terxi\maestro-tests\onboarding\photo_upload_gallery.yaml","FAILED","1","86.66"
"2cbe87d2","2026-03-04T16:58:28","photo_upload_gallery.yaml","C:\Users\terxi\maestro-tests\onboarding\photo_upload_gallery.yaml","FAILED","1","88.77"
"ee400188","2026-03-04T17:00:00","photo_upload_gallery.yaml","C:\Users\terxi\maestro-tests\onboarding\photo_upload_gallery.yaml","FAILED","1","84.99"
"3d3f2f71","2026-03-05T10:02:52","at_birthday_or_relationship.yaml","C:\Users\terxi\maestro-tests\states\at_birthday_or_relationship.yaml","PASSED","0","138.53"
"744f4965","2026-03-05T10:05:14","at_birthday_or_relationship.yaml","C:\Users\terxi\maestro-tests\states\at_birthday_or_relationship.yaml","PASSED","0","137.2"
"f8b5a150","2026-03-05T10:07:35","at_birthday_or_relationship.yaml","C:\Users\terxi\maestro-tests\states\at_birthday_or_relationship.yaml","PASSED","0","53.86"
"d3d2c7f1","2026-03-05T10:08:32","at_birthday_or_relationship.yaml","C:\Users\terxi\maestro-tests\states\at_birthday_or_relationship.yaml","PASSED","0","53.33"
"56f24113","2026-03-05T10:09:28","at_birthday_or_relationship.yaml","C:\Users\terxi\maestro-tests\states\at_birthday_or_relationship.yaml","PASSED","0","57.13"
"eb201198","2026-03-05T10:10:35","at_birthday_or_relationship.yaml","C:\Users\terxi\maestro-tests\states\at_birthday_or_relationship.yaml","PASSED","0","152.99"
"f01d37dd","2026-03-05T10:13:11","at_birthday_or_relationship.yaml","C:\Users\terxi\maestro-tests\states\at_birthday_or_relationship.yaml","PASSED","0","144"
"d8da3b30","2026-03-05T10:15:38","at_birthday_or_relationship.yaml","C:\Users\terxi\maestro-tests\states\at_birthday_or_relationship.yaml","PASSED","0","150.12"
"0c5ab3fb","2026-03-05T10:18:13","at_birthday_or_relationship.yaml","C:\Users\terxi\maestro-tests\states\at_birthday_or_relationship.yaml","PASSED","0","178.25"
"ef7a92e5","2026-03-05T10:21:18","at_birthday_or_relationship.yaml","C:\Users\terxi\maestro-tests\states\at_birthday_or_relationship.yaml","PASSED","0","184.27"
"3140f6f9","2026-03-05T10:45:32","at_birthday_or_relationship.yaml","C:\Users\terxi\maestro-tests\states\at_birthday_or_relationship.yaml","FAILED","1","6.53"
"196d3ae5","2026-03-05T10:46:15","at_birthday_or_relationship.yaml","C:\Users\terxi\maestro-tests\states\at_birthday_or_relationship.yaml","PASSED","0","132.64"
"6cbd79d9","2026-03-05T10:48:31","at_birthday_or_relationship.yaml","C:\Users\terxi\maestro-tests\states\at_birthday_or_relationship.yaml","PASSED","0","132.7"
"87ae07ee","2026-03-05T10:50:47","at_birthday_or_relationship.yaml","C:\Users\terxi\maestro-tests\states\at_birthday_or_relationship.yaml","PASSED","0","54.72"
"1afb0066","2026-03-05T10:51:45","at_birthday_or_relationship.yaml","C:\Users\terxi\maestro-tests\states\at_birthday_or_relationship.yaml","PASSED","0","54.58"
"9edb5304","2026-03-05T10:52:43","at_birthday_or_relationship.yaml","C:\Users\terxi\maestro-tests\states\at_birthday_or_relationship.yaml","PASSED","0","61.41"
"7bcdbd04","2026-03-05T11:03:52","at_birthday_or_relationship.yaml","C:\Users\terxi\maestro-tests\states\at_birthday_or_relationship.yaml","PASSED","0","147.11"
"c6def618","2026-03-05T11:06:23","at_birthday_or_relationship.yaml","C:\Users\terxi\maestro-tests\states\at_birthday_or_relationship.yaml","PASSED","0","146.67"
"e8e2ab7a","2026-03-05T11:08:54","at_birthday_or_relationship.yaml","C:\Users\terxi\maestro-tests\states\at_birthday_or_relationship.yaml","PASSED","0","143.09"
"1f3fa4ab","2026-03-05T11:11:21","at_birthday_or_relationship.yaml","C:\Users\terxi\maestro-tests\states\at_birthday_or_relationship.yaml","PASSED","0","153.82"
"137875fb","2026-03-05T11:14:00","at_birthday_or_relationship.yaml","C:\Users\terxi\maestro-tests\states\at_birthday_or_relationship.yaml","PASSED","0","176.57"
"58396c50","2026-03-05T11:19:10","at_birthday_or_relationship.yaml","C:\Users\terxi\maestro-tests\states\at_birthday_or_relationship.yaml","PASSED","0","153.05"
"20023452","2026-03-05T11:21:49","at_birthday_or_relationship.yaml","C:\Users\terxi\maestro-tests\states\at_birthday_or_relationship.yaml","PASSED","0","160.05"
"c028cfd5","2026-03-05T11:24:34","at_birthday_or_relationship.yaml","C:\Users\terxi\maestro-tests\states\at_birthday_or_relationship.yaml","PASSED","0","174.06"
"64648195","2026-03-05T11:30:40","ethnicity_input.yaml","C:\Users\terxi\maestro-tests\onboarding\ethnicity_input.yaml","FAILED","1","359.16"
"5767a516","2026-03-05T11:36:45","ethnicity_input.yaml","C:\Users\terxi\maestro-tests\onboarding\ethnicity_input.yaml","FAILED","1","444.56"
"7f7ba7f6","2026-03-05T12:09:58","add_prompt.yaml","C:\Users\terxi\maestro-tests\onboarding\add_prompt.yaml","FAILED","1","3.95"
"1debc612","2026-03-05T12:10:04","add_prompt.yaml","C:\Users\terxi\maestro-tests\onboarding\add_prompt.yaml","FAILED","1","3.81"
"419623b3","2026-03-05T12:10:11","add_prompt.yaml","C:\Users\terxi\maestro-tests\onboarding\add_prompt.yaml","FAILED","1","3.81"
"f5b95225","2026-03-05T12:10:18","add_prompt.yaml","C:\Users\terxi\maestro-tests\onboarding\add_prompt.yaml","FAILED","1","3.94"
"9b852955","2026-03-05T12:23:21","add_prompt.yaml","C:\Users\terxi\maestro-tests\onboarding\add_prompt.yaml","FAILED","1","233.19"
"0ccd772e","2026-03-05T12:27:20","add_prompt.yaml","C:\Users\terxi\maestro-tests\onboarding\add_prompt.yaml","PASSED","0","281.3"
"14e2107b","2026-03-05T12:32:04","add_prompt.yaml","C:\Users\terxi\maestro-tests\onboarding\add_prompt.yaml","FAILED","1","1228.13"
"c190f8eb","2026-03-05T12:53:23","add_prompt.yaml","C:\Users\terxi\maestro-tests\onboarding\add_prompt.yaml","PASSED","0","273.42"
"4599fce0","2026-03-05T12:58:00","add_prompt.yaml","C:\Users\terxi\maestro-tests\onboarding\add_prompt.yaml","FAILED","1","240.45"
"09dd8f80","2026-03-05T13:02:04","add_prompt.yaml","C:\Users\terxi\maestro-tests\onboarding\add_prompt.yaml","FAILED","1","257.42"
"652ad02c","2026-03-05T13:06:25","add_prompt.yaml","C:\Users\terxi\maestro-tests\onboarding\add_prompt.yaml","FAILED","1","272.96"
"cf9b0afc","2026-03-05T13:11:01","add_prompt.yaml","C:\Users\terxi\maestro-tests\onboarding\add_prompt.yaml","PASSED","0","309.01"
"333ae9bf","2026-03-05T16:20:43","add_prompt.yaml","C:\Users\terxi\maestro-tests\onboarding\add_prompt.yaml","FAILED","1","349.98"
"e56b09a3","2026-03-05T16:28:38","add_prompt.yaml","C:\Users\terxi\maestro-tests\onboarding\add_prompt.yaml","PASSED","0","286.07"
"ff6d4d0a","2026-03-05T16:33:27","add_prompt.yaml","C:\Users\terxi\maestro-tests\onboarding\add_prompt.yaml","PASSED","0","360.26"
"aa05f258","2026-03-05T16:39:31","add_prompt.yaml","C:\Users\terxi\maestro-tests\onboarding\add_prompt.yaml","FAILED","1","244.9"
"079e2f30","2026-03-05T17:11:34","ethnicity_input.yaml","C:\Users\terxi\maestro-tests\onboarding\ethnicity_input.yaml","FAILED","1","412.13"
"ed6a9c6c","2026-03-05T17:18:32","ethnicity_input.yaml","C:\Users\terxi\maestro-tests\onboarding\ethnicity_input.yaml","FAILED","1","1420.43"
"204157e8","2026-03-09T10:20:58","ethnicity_input.yaml","C:\Users\terxi\maestro-tests\onboarding\ethnicity_input.yaml","FAILED","1","431.54"
"e05f5df7","2026-03-09T10:34:34","ethnicity_input.yaml","C:\Users\terxi\maestro-tests\onboarding\ethnicity_input.yaml","FAILED","1","491.85"
"8cc84250","2026-03-09T11:03:29","ethnicity_input.yaml","C:\Users\terxi\maestro-tests\onboarding\ethnicity_input.yaml","FAILED","1","30.18"
"7fbb66af","2026-03-09T11:07:25","ethnicity_input.yaml","C:\Users\terxi\maestro-tests\onboarding\ethnicity_input.yaml","FAILED","1","30.22"
"067eacb1","2026-03-09T11:08:18","ethnicity_input.yaml","C:\Users\terxi\maestro-tests\onboarding\ethnicity_input.yaml","FAILED","1","357.43"
"26a023b2","2026-03-09T11:14:18","ethnicity_input.yaml","C:\Users\terxi\maestro-tests\onboarding\ethnicity_input.yaml","FAILED","1","430.48"
"13e9ad16","2026-03-09T11:21:31","ethnicity_input.yaml","C:\Users\terxi\maestro-tests\onboarding\ethnicity_input.yaml","FAILED","1","435.78"
"a17978c2","2026-03-09T11:28:50","ethnicity_input.yaml","C:\Users\terxi\maestro-tests\onboarding\ethnicity_input.yaml","FAILED","1","407.19"
"c1c6b224","2026-03-09T11:47:39","ethnicity_input.yaml","C:\Users\terxi\maestro-tests\onboarding\ethnicity_input.yaml","FAILED","1","4.05"
"52adc4ac","2026-03-09T11:48:15","ethnicity_input.yaml","C:\Users\terxi\maestro-tests\onboarding\ethnicity_input.yaml","FAILED","1","474.4"
"e7cef591","2026-03-09T11:58:38","ethnicity_input.yaml","C:\Users\terxi\maestro-tests\onboarding\ethnicity_input.yaml","FAILED","1","464.3"
"f4a25198","2026-03-09T12:06:26","ethnicity_input.yaml","C:\Users\terxi\maestro-tests\onboarding\ethnicity_input.yaml","FAILED","1","3911.78"
"22b1feb1","2026-03-09T13:11:41","ethnicity_input.yaml","C:\Users\terxi\maestro-tests\onboarding\ethnicity_input.yaml","FAILED","1","53.23"
"31922d2f","2026-03-09T13:12:40","ethnicity_input.yaml","C:\Users\terxi\maestro-tests\onboarding\ethnicity_input.yaml","FAILED","1","49.42"
"dea7f4a0","2026-03-09T13:13:34","ethnicity_input.yaml","C:\Users\terxi\maestro-tests\onboarding\ethnicity_input.yaml","FAILED","1","49.4"
"982eb91d","2026-03-09T13:53:16","ethnicity_input.yaml","C:\Users\terxi\maestro-tests\onboarding\ethnicity_input.yaml","FAILED","1","444.26"
"92162b40","2026-03-09T14:00:43","ethnicity_input.yaml","C:\Users\terxi\maestro-tests\onboarding\ethnicity_input.yaml","FAILED","1","465.69"
"0292e4cb","2026-03-09T14:09:48","ethnicity_input.yaml","C:\Users\terxi\maestro-tests\onboarding\ethnicity_input.yaml","FAILED","1","416.59"
"1688c4c2","2026-03-09T14:22:46","ethnicity_input.yaml","C:\Users\terxi\maestro-tests\onboarding\ethnicity_input.yaml","FAILED","1","411.85"
"b752b30a","2026-03-09T15:54:47","add_prompt.yaml","C:\Users\terxi\maestro-tests\onboarding\add_prompt.yaml","PASSED","0","400.8"
"2d4487f6","2026-03-09T16:01:52","ethnicity_input.yaml","C:\Users\terxi\maestro-tests\onboarding\ethnicity_input.yaml","FAILED","1","446.08"
"d065ee63","2026-03-09T16:11:42","ethnicity_input.yaml","C:\Users\terxi\maestro-tests\onboarding\ethnicity_input.yaml","FAILED","1","355.24"
"dd09c35e","2026-03-09T16:19:53","ethnicity_input.yaml","C:\Users\terxi\maestro-tests\onboarding\ethnicity_input.yaml","FAILED","1","484.81"
"8f59f33b","2026-03-09T16:33:16","ethnicity_input.yaml","C:\Users\terxi\maestro-tests\onboarding\ethnicity_input.yaml","FAILED","1","35.37"
"306bfaac","2026-03-09T16:34:18","ethnicity_input.yaml","C:\Users\terxi\maestro-tests\onboarding\ethnicity_input.yaml","PASSED","0","455.32"
"3ddac145","2026-03-09T17:51:49","ethnicity_input.yaml","C:\Users\terxi\maestro-tests\onboarding\ethnicity_input.yaml","FAILED","1","33.49"
"a016aa3e","2026-03-09T17:52:52","ethnicity_input.yaml","C:\Users\terxi\maestro-tests\onboarding\ethnicity_input.yaml","PASSED","0","471.22"
"731c4a48","2026-03-09T18:01:17","religion_input.yaml","C:\Users\terxi\maestro-tests\onboarding\religion_input.yaml","PASSED","0","540.67"
"552f3602","2026-03-09T22:23:47","religion_input.yaml","C:\Users\terxi\maestro-tests\onboarding\religion_input.yaml","PASSED","0","386.54"
"8ded655a","2026-03-09T22:30:19","religion_input.yaml","C:\Users\terxi\maestro-tests\onboarding\religion_input.yaml","PASSED","0","375.92"
"0788394c","2026-03-09T22:42:16","religion_input.yaml","C:\Users\terxi\maestro-tests\onboarding\religion_input.yaml","PASSED","0","422.56"
"0c1d029f","2026-03-09T22:49:22","religion_input.yaml","C:\Users\terxi\maestro-tests\onboarding\religion_input.yaml","PASSED","0","599.94"
"8da5f4ee","2026-03-09T22:59:25","religion_input.yaml","C:\Users\terxi\maestro-tests\onboarding\religion_input.yaml","PASSED","0","448.95"
"16b4f5b5","2026-03-09T23:06:57","religion_input.yaml","C:\Users\terxi\maestro-tests\onboarding\religion_input.yaml","FAILED","1","505.63"
"cc53d043","2026-03-09T23:17:45","religion_input.yaml","C:\Users\terxi\maestro-tests\onboarding\religion_input.yaml","PASSED","0","388.52"
"7a06c6a4","2026-03-09T23:24:17","religion_input.yaml","C:\Users\terxi\maestro-tests\onboarding\religion_input.yaml","PASSED","0","391.12"
"01f3377c","2026-03-09T23:30:51","religion_input.yaml","C:\Users\terxi\maestro-tests\onboarding\religion_input.yaml","PASSED","0","445.06"
"644fb705","2026-03-09T23:38:19","religion_input.yaml","C:\Users\terxi\maestro-tests\onboarding\religion_input.yaml","PASSED","0","510.69"
"10c4dcae","2026-03-09T23:46:53","religion_input.yaml","C:\Users\terxi\maestro-tests\onboarding\religion_input.yaml","PASSED","0","397.84"
"bd15e00f","2026-03-09T23:54:21","ethnicity_input.yaml","C:\Users\terxi\maestro-tests\onboarding\ethnicity_input.yaml","PASSED","0","358.75"
"ea42ab16","2026-03-10T00:00:23","ethnicity_input.yaml","C:\Users\terxi\maestro-tests\onboarding\ethnicity_input.yaml","PASSED","0","402.23"
"c2c2b4b2","2026-03-10T00:07:09","ethnicity_input.yaml","C:\Users\terxi\maestro-tests\onboarding\ethnicity_input.yaml","PASSED","0","452.09"
"975b1962","2026-03-10T00:14:44","ethnicity_input.yaml","C:\Users\terxi\maestro-tests\onboarding\ethnicity_input.yaml","PASSED","0","358.76"
"4c8f6ea9","2026-03-10T00:20:46","ethnicity_input.yaml","C:\Users\terxi\maestro-tests\onboarding\ethnicity_input.yaml","PASSED","0","380.16"
"80ef10d2","2026-03-10T00:29:05","job_title_input.yaml","C:\Users\terxi\maestro-tests\onboarding\job_title_input.yaml","PASSED","0","415.67"
"9b8f3351","2026-03-10T00:36:04","job_title_input.yaml","C:\Users\terxi\maestro-tests\onboarding\job_title_input.yaml","PASSED","0","440.58"
"5b8e8bb8","2026-03-10T09:31:11","job_title_input.yaml","C:\Users\terxi\maestro-tests\onboarding\job_title_input.yaml","PASSED","0","451.72"
"1b4f7c51","2026-03-10T09:38:46","job_title_input.yaml","C:\Users\terxi\maestro-tests\onboarding\job_title_input.yaml","FAILED","1","65.94"
"cea42c82","2026-03-10T09:39:55","job_title_input.yaml","C:\Users\terxi\maestro-tests\onboarding\job_title_input.yaml","FAILED","1","66.38"
"89cd28cd","2026-03-10T09:41:05","job_title_input.yaml","C:\Users\terxi\maestro-tests\onboarding\job_title_input.yaml","PASSED","0","433.68"
"7f5f0cf0","2026-03-10T09:48:21","job_title_input.yaml","C:\Users\terxi\maestro-tests\onboarding\job_title_input.yaml","PASSED","0","423.02"
"d0b0faf3","2026-03-10T10:04:59","relationship_goals.yaml","C:\Users\terxi\maestro-tests\onboarding\relationship_goals.yaml","FAILED","1","55.89"
"331228f4","2026-03-10T10:05:59","relationship_goals.yaml","C:\Users\terxi\maestro-tests\onboarding\relationship_goals.yaml","FAILED","1","39.59"
"5c8c4d02","2026-03-10T10:08:56","relationship_goals.yaml","C:\Users\terxi\maestro-tests\onboarding\relationship_goals.yaml","FAILED","1","158.3"
"4a3891b7","2026-03-10T10:11:37","relationship_goals.yaml","C:\Users\terxi\maestro-tests\onboarding\relationship_goals.yaml","FAILED","1","70.51"
"a58b8f2f","2026-03-10T10:17:39","relationship_goals.yaml","C:\Users\terxi\maestro-tests\onboarding\relationship_goals.yaml","PASSED","0","151.5"
"e3348596","2026-03-10T10:20:14","relationship_goals.yaml","C:\Users\terxi\maestro-tests\onboarding\relationship_goals.yaml","PASSED","0","160.31"
"93b81a1b","2026-03-10T10:22:59","relationship_goals.yaml","C:\Users\terxi\maestro-tests\onboarding\relationship_goals.yaml","PASSED","0","167.32"
"0fd46f31","2026-03-10T10:25:52","relationship_goals.yaml","C:\Users\terxi\maestro-tests\onboarding\relationship_goals.yaml","KNOWN_BUG","1","83.39"
"644b35df","2026-03-10T10:27:20","relationship_goals.yaml","C:\Users\terxi\maestro-tests\onboarding\relationship_goals.yaml","PASSED","0","171.25"
"9e6753e8","2026-03-10T10:39:10","relationship_goals.yaml","C:\Users\terxi\maestro-tests\onboarding\relationship_goals.yaml","PASSED","0","170.64"
"2402314f","2026-03-10T10:42:05","relationship_goals.yaml","C:\Users\terxi\maestro-tests\onboarding\relationship_goals.yaml","FAILED","1","69.82"
"5d2f3425","2026-03-10T10:59:55","relationship_goals.yaml","C:\Users\terxi\maestro-tests\onboarding\relationship_goals.yaml","KNOWN_BUG","1","5.13"
"951c60a0","2026-03-10T11:00:03","relationship_goals.yaml","C:\Users\terxi\maestro-tests\onboarding\relationship_goals.yaml","KNOWN_BUG","1","5.14"
"300998f6","2026-03-10T11:06:53","relationship_goals.yaml","C:\Users\terxi\maestro-tests\onboarding\relationship_goals.yaml","KNOWN_BUG","1","8.67"
"70dd605c","2026-03-10T11:10:22","relationship_goals.yaml","C:\Users\terxi\maestro-tests\onboarding\relationship_goals.yaml","KNOWN_BUG","1","8.67"
"ca597ee2","2026-03-10T11:10:34","relationship_goals.yaml","C:\Users\terxi\maestro-tests\onboarding\relationship_goals.yaml","KNOWN_BUG","1","9.25"
"2648a797","2026-03-10T11:28:35","relationship_goals.yaml","C:\Users\terxi\maestro-tests\onboarding\relationship_goals.yaml","PASSED","1","9.22"
"78f7d408","2026-03-10T11:43:34","relationship_goals.yaml","C:\Users\terxi\maestro-tests\onboarding\relationship_goals.yaml","FAILED","1","9.92"
"10e588f0","2026-03-10T11:49:00","relationship_goals.yaml","C:\Users\terxi\maestro-tests\onboarding\relationship_goals.yaml","PASSED","0","138.66"
"229a3522","2026-03-10T11:51:22","relationship_goals.yaml","C:\Users\terxi\maestro-tests\onboarding\relationship_goals.yaml","PASSED","0","141.12"
"ffb46892","2026-03-10T11:53:47","relationship_goals.yaml","C:\Users\terxi\maestro-tests\onboarding\relationship_goals.yaml","PASSED","0","152.02"
"fef2299b","2026-03-10T11:56:22","relationship_goals.yaml","C:\Users\terxi\maestro-tests\onboarding\relationship_goals.yaml","PASSED","0","164.28"
"137936e6","2026-03-10T11:59:11","relationship_goals.yaml","C:\Users\terxi\maestro-tests\onboarding\relationship_goals.yaml","PASSED","0","180.78"
"e35ea87a","2026-03-10T12:05:02","job_title_input.yaml","C:\Users\terxi\maestro-tests\onboarding\job_title_input.yaml","PASSED","0","500.23"
"bcc31f0f","2026-03-11T09:42:30","add_prompt.yaml","C:\Users\terxi\maestro-tests\onboarding\add_prompt.yaml","PASSED","1","74.55"
"821dea69","2026-03-11T09:43:59","add_prompt.yaml","C:\Users\terxi\maestro-tests\onboarding\add_prompt.yaml","PASSED","1","76.48"
"bbb1ea83","2026-03-11T09:45:24","add_prompt.yaml","C:\Users\terxi\maestro-tests\onboarding\add_prompt.yaml","FAILED","1","111.13"
"95cf010c","2026-03-11T10:03:55","add_prompt.yaml","C:\Users\terxi\maestro-tests\onboarding\add_prompt.yaml","FAILED","1","98.09"
"de06c6cb","2026-03-11T10:11:34","add_prompt.yaml","C:\Users\terxi\maestro-tests\onboarding\add_prompt.yaml","PASSED","1","99.45"
"356b9b8e","2026-03-11T10:15:41","add_prompt.yaml","C:\Users\terxi\maestro-tests\onboarding\add_prompt.yaml","PASSED","1","98.03"
"caa83952","2026-03-11T14:06:16","your_type_input.yaml","C:\Users\terxi\maestro-tests\onboarding\your_type_input.yaml","FAILED","1","428.28"
"5960251f","2026-03-11T14:14:42","your_type_input.yaml","C:\Users\terxi\maestro-tests\onboarding\your_type_input.yaml","PASSED","1","76.99"
"c9d616b5","2026-03-11T14:16:07","your_type_input.yaml","C:\Users\terxi\maestro-tests\onboarding\your_type_input.yaml","FAILED","1","503.98"
"35078885","2026-03-11T14:49:35","your_type_input.yaml","C:\Users\terxi\maestro-tests\onboarding\your_type_input.yaml","FAILED","1","640.73"
"1ede95f4","2026-03-11T15:00:29","your_type_input.yaml","C:\Users\terxi\maestro-tests\onboarding\your_type_input.yaml","FAILED","1","623.07"
"058ad638","2026-03-11T15:28:08","your_type_input.yaml","C:\Users\terxi\maestro-tests\onboarding\your_type_input.yaml","PASSED","1","175.66"
"42359950","2026-03-11T16:05:47","03_gender_preference.yaml","C:\Users\terxi\maestro-tests\onboarding\03_gender_preference.yaml","FAILED","1","7.76"
"7cd079af","2026-03-11T16:06:29","03_gender_preference.yaml","C:\Users\terxi\maestro-tests\onboarding\03_gender_preference.yaml","FAILED","1","205.92"
"ac0de75a","2026-03-12T09:19:15","05_add_prompt.yaml","C:\Users\terxi\maestro-tests\onboarding\05_add_prompt.yaml","PASSED","0","376.08"
"58ae5981","2026-03-12T09:26:23","06_education_select.yaml","C:\Users\terxi\maestro-tests\onboarding\06_education_select.yaml","PASSED","1","78.65"
"1aaadbbe","2026-03-12T09:27:51","06_education_select.yaml","C:\Users\terxi\maestro-tests\onboarding\06_education_select.yaml","FAILED","1","407.72"
"58422048","2026-03-12T09:45:12","06_education_select.yaml","C:\Users\terxi\maestro-tests\onboarding\06_education_select.yaml","PASSED","1","79.22"
"809c4dd0","2026-03-12T09:46:38","06_education_select.yaml","C:\Users\terxi\maestro-tests\onboarding\06_education_select.yaml","PASSED","0","425.44"
"1e9eb6d0","2026-03-12T09:55:00","07_education_school_input.yaml","C:\Users\terxi\maestro-tests\onboarding\07_education_school_input.yaml","PASSED","0","415.8"
"36cbf766","2026-03-14T12:43:05","06_education_select.yaml","C:\Users\terxi\maestro-tests\onboarding\06_education_select.yaml","PASSED","1","67.8"
"96b735ef","2026-03-14T12:44:30","06_education_select.yaml","C:\Users\terxi\maestro-tests\onboarding\06_education_select.yaml","PASSED","0","292.05"
"8279c6d6","2026-03-14T12:49:47","04_photo_upload_gallery.yaml","C:\Users\terxi\maestro-tests\onboarding\04_photo_upload_gallery.yaml","PASSED","0","264.9"
"76d89bad","2026-03-14T12:54:55","00_dob_valid.yaml","C:\Users\terxi\maestro-tests\onboarding\00_dob_valid.yaml","PASSED","0","152.02"
"76d89bad","2026-03-14T12:54:55","01_relationship_goals.yaml","C:\Users\terxi\maestro-tests\onboarding\01_relationship_goals.yaml","PASSED","0","150.85"
"76d89bad","2026-03-14T12:54:55","02_gender_select.yaml","C:\Users\terxi\maestro-tests\onboarding\02_gender_select.yaml","PASSED","0","171.82"
"76d89bad","2026-03-14T12:54:55","03_gender_preference.yaml","C:\Users\terxi\maestro-tests\onboarding\03_gender_preference.yaml","PASSED","0","187.92"
"76d89bad","2026-03-14T12:54:55","04_photo_upload_gallery.yaml","C:\Users\terxi\maestro-tests\onboarding\04_photo_upload_gallery.yaml","PASSED","0","289.57"
"76d89bad","2026-03-14T12:54:55","05_add_prompt.yaml","C:\Users\terxi\maestro-tests\onboarding\05_add_prompt.yaml","PASSED","0","425.24"
"76d89bad","2026-03-14T12:54:55","06_education_select.yaml","C:\Users\terxi\maestro-tests\onboarding\06_education_select.yaml","PASSED","0","308.18"
"76d89bad","2026-03-14T12:54:55","07_education_school_input.yaml","C:\Users\terxi\maestro-tests\onboarding\07_education_school_input.yaml","PASSED","0","323.82"
"76d89bad","2026-03-14T12:54:55","08_job_title_input.yaml","C:\Users\terxi\maestro-tests\onboarding\08_job_title_input.yaml","PASSED","0","347.5"
"76d89bad","2026-03-14T12:54:55","09_swipe_height.yaml","C:\Users\terxi\maestro-tests\onboarding\09_swipe_height.yaml","PASSED","0","316.6"
"76d89bad","2026-03-14T12:54:55","10_ethnicity_input.yaml","C:\Users\terxi\maestro-tests\onboarding\10_ethnicity_input.yaml","FAILED","1","328.3"
"76d89bad","2026-03-14T12:54:55","11_religion_input.yaml","C:\Users\terxi\maestro-tests\onboarding\11_religion_input.yaml","PASSED","0","384.2"
"76d89bad","2026-03-14T12:54:55","12_your_type_input.yaml","C:\Users\terxi\maestro-tests\onboarding\12_your_type_input.yaml","PASSED","0","413.89"
"b9a15173","2026-03-14T14:02:06","10_ethnicity_input.yaml","C:\Users\terxi\maestro-tests\onboarding\10_ethnicity_input.yaml","PASSED","1","101.29"
"a670469f","2026-03-14T14:26:16","00_dob_valid.yaml","C:\Users\terxi\maestro-tests\onboarding\00_dob_valid.yaml","PASSED","0","208.76"
"a670469f","2026-03-14T14:26:16","01_relationship_goals.yaml","C:\Users\terxi\maestro-tests\onboarding\01_relationship_goals.yaml","PASSED","0","210.36"
"a670469f","2026-03-14T14:26:16","02_gender_select.yaml","C:\Users\terxi\maestro-tests\onboarding\02_gender_select.yaml","PASSED","0","204.67"
"a670469f","2026-03-14T14:26:16","03_gender_preference.yaml","C:\Users\terxi\maestro-tests\onboarding\03_gender_preference.yaml","PASSED","0","220.01"
"a670469f","2026-03-14T14:26:16","04_photo_upload_gallery.yaml","C:\Users\terxi\maestro-tests\onboarding\04_photo_upload_gallery.yaml","PASSED","0","332.3"
"a670469f","2026-03-14T14:26:16","05_add_prompt.yaml","C:\Users\terxi\maestro-tests\onboarding\05_add_prompt.yaml","PASSED","0","360.58"
"a670469f","2026-03-14T14:26:16","06_education_select.yaml","C:\Users\terxi\maestro-tests\onboarding\06_education_select.yaml","PASSED","0","243.99"
"a670469f","2026-03-14T14:26:16","07_education_school_input.yaml","C:\Users\terxi\maestro-tests\onboarding\07_education_school_input.yaml","FAILED","1","1230.08"
"a670469f","2026-03-14T14:26:16","08_job_title_input.yaml","C:\Users\terxi\maestro-tests\onboarding\08_job_title_input.yaml","PASSED","0","254.78"
"a670469f","2026-03-14T14:26:16","09_swipe_height.yaml","C:\Users\terxi\maestro-tests\onboarding\09_swipe_height.yaml","PASSED","0","230.68"
"a670469f","2026-03-14T14:26:16","10_ethnicity_input.yaml","C:\Users\terxi\maestro-tests\onboarding\10_ethnicity_input.yaml","PASSED","1","71.31"
"a670469f","2026-03-14T14:26:16","11_religion_input.yaml","C:\Users\terxi\maestro-tests\onboarding\11_religion_input.yaml","PASSED","1","73.24"
"a670469f","2026-03-14T14:26:16","12_your_type_input.yaml","C:\Users\terxi\maestro-tests\onboarding\12_your_type_input.yaml","PASSED","0","327.41"
"8801a923","2026-03-14T15:39:06","00_dob_valid.yaml","C:\Users\terxi\maestro-tests\onboarding\00_dob_valid.yaml","PASSED","0","222.87"
"8801a923","2026-03-14T15:39:06","01_relationship_goals.yaml","C:\Users\terxi\maestro-tests\onboarding\01_relationship_goals.yaml","PASSED","0","166.79"
"8801a923","2026-03-14T15:39:06","02_gender_select.yaml","C:\Users\terxi\maestro-tests\onboarding\02_gender_select.yaml","PASSED","0","204.99"
"8801a923","2026-03-14T15:39:06","03_gender_preference.yaml","C:\Users\terxi\maestro-tests\onboarding\03_gender_preference.yaml","PASSED","0","218.62"
"8801a923","2026-03-14T15:39:06","04_photo_upload_gallery.yaml","C:\Users\terxi\maestro-tests\onboarding\04_photo_upload_gallery.yaml","PASSED","0","293.5"
"8801a923","2026-03-14T15:39:06","05_add_prompt.yaml","C:\Users\terxi\maestro-tests\onboarding\05_add_prompt.yaml","PASSED","0","339.5"
"8801a923","2026-03-14T15:39:06","06_education_select.yaml","C:\Users\terxi\maestro-tests\onboarding\06_education_select.yaml","PASSED","0","230.88"
"8801a923","2026-03-14T15:39:06","07_education_school_input.yaml","C:\Users\terxi\maestro-tests\onboarding\07_education_school_input.yaml","PASSED","0","240.6"
"8801a923","2026-03-14T15:39:06","08_job_title_input.yaml","C:\Users\terxi\maestro-tests\onboarding\08_job_title_input.yaml","PASSED","1","84.58"
"8801a923","2026-03-14T15:39:06","09_swipe_height.yaml","C:\Users\terxi\maestro-tests\onboarding\09_swipe_height.yaml","PASSED","0","277.12"
"8801a923","2026-03-14T15:39:06","10_ethnicity_input.yaml","C:\Users\terxi\maestro-tests\onboarding\10_ethnicity_input.yaml","FAILED","1","283"
"8801a923","2026-03-14T15:39:06","11_religion_input.yaml","C:\Users\terxi\maestro-tests\onboarding\11_religion_input.yaml","PASSED","0","306.54"
"8801a923","2026-03-14T15:39:06","12_your_type_input.yaml","C:\Users\terxi\maestro-tests\onboarding\12_your_type_input.yaml","PASSED","0","331.22"
"45b5628a","2026-03-14T16:36:45","10_ethnicity_input.yaml","C:\Users\terxi\maestro-tests\onboarding\10_ethnicity_input.yaml","FAILED","1","337.87"
